<?xml version="1.0" encoding="UTF-8"?>
<project-private xmlns="http://www.netbeans.org/ns/project-private/1">
    <editor-bookmarks xmlns="http://www.netbeans.org/ns/editor-bookmarks/2" lastBookmarkId="0"/>
    <open-files xmlns="http://www.netbeans.org/ns/projectui-open-files/2">
        <group>
            <file>file:/C:/Users/Toni/Documents/FP%20segundo/Interfaces/Dinosaurio/src/dinosaurio/ParticleExplosion.java</file>
            <file>file:/C:/Users/Toni/Documents/FP%20segundo/Interfaces/Dinosaurio/src/dinosaurio/Sonidos.java</file>
            <file>file:/C:/Users/Toni/Documents/FP%20segundo/Interfaces/Dinosaurio/src/dinosaurio/MenuPrincipal.java</file>
            <file>file:/C:/Users/Toni/Documents/FP%20segundo/Interfaces/Dinosaurio/src/dinosaurio/Dinosaurio.java</file>
            <file>file:/C:/Users/Toni/Documents/FP%20segundo/Interfaces/Dinosaurio/src/dinosaurio/Particle.java</file>
        </group>
    </open-files>
</project-private>
